From,To
https://www.openownership.org/ahu-online-sample/,
https://www.openownership.org/blogs/access-to-beneficial-ownership-information-remains-a-long-term-goal/,
https://www.openownership.org/blogs/agustina-de-luca-and-stephen-abbott-pugh/,
https://www.openownership.org/blogs/an-rdf-vocabulary-for-beneficial-ownership-data-created-with-blue-anvil/,
https://www.openownership.org/blogs/armenia-and-latvia-become-first-countries-to-publish-data-in-line-with-the-beneficial-ownership-data-standard/,
https://www.openownership.org/blogs/armenia-breaks-new-ground-with-extractives-disclosures/,
https://www.openownership.org/blogs/beneficial-ownership-and-wealth-taxation-input-to-the-uk-wealth-tax-commission/,
https://www.openownership.org/blogs/beneficial-ownership-data-in-procurement-beyond-transparency-and-accountability/,
https://www.openownership.org/blogs/beneficial-ownership-data-standard-approved-by-uk-government/,
https://www.openownership.org/blogs/beneficial-ownership-information-can-support-transparency-and-accountability-in-the-transition-to-net-zero/,
https://www.openownership.org/blogs/beneficial-ownership-progress-in-colombia/,
https://www.openownership.org/blogs/beneficial-ownership-reform-in-africa-progress-in-ghana-kenya-and-nigeria/,
https://www.openownership.org/blogs/beneficial-ownership-transparency-and-the-fight-against-grand-corruption-in-nigeria/,
https://www.openownership.org/blogs/beneficial-ownership-transparency-implementation-lessons-from-five-countries/,
https://www.openownership.org/blogs/beneficial-ownership-transparency-transforming-public-procurement-in-south-africa/,
https://www.openownership.org/blogs/call-to-open-up-company-and-beneficial-ownership-registers-across-europe/,
https://www.openownership.org/blogs/connecting-the-dots-between-beneficial-ownership-and-procurement-data-improving-processes-and-identifying-risk/,
https://www.openownership.org/blogs/coronavirus-crisis-why-knowing-beneficial-owners-in-supply-chains-is-fundamental-for-a-good-recovery/,
https://www.openownership.org/blogs/corruption-procurement-and-covid-19-in-africa/,
https://www.openownership.org/blogs/easing-the-collection-of-high-quality-beneficial-ownership-information-in-resource-rich-countries/,
https://www.openownership.org/blogs/fatf-proposals-signal-a-modest-but-important-rise-in-global-standards-on-beneficial-ownership/,
https://www.openownership.org/blogs/fatf-recommendation-24-global-standards-on-beneficial-ownership-are-rising/,
https://www.openownership.org/blogs/favour-ime-and-hani-rosidaini/,
https://www.openownership.org/blogs/first-tech-showcase/,
https://www.openownership.org/blogs/guest-blog-why-firms-want-more-company-ownership-data/,
https://www.openownership.org/blogs/insider-threat-audit-reform-and-fraud-control-the-wirecard-case/,
https://www.openownership.org/blogs/integrity-in-imf-emergency-lending-what-worked/,
https://www.openownership.org/blogs/meet-two-of-the-newest-staff-at-open-ownership/,
https://www.openownership.org/blogs/merging-beneficial-ownership-data/,
https://www.openownership.org/blogs/mexico-laying-the-foundations-for-beneficial-ownership-transparency/,
https://www.openownership.org/blogs/modelling-beneficial-ownership-data/,
https://www.openownership.org/blogs/my-first-year-as-open-ownerships-executive-director/,
https://www.openownership.org/blogs/new-example-form-and-guidance-for-developing-beneficial-ownership-declarations/,
https://www.openownership.org/blogs/nowhere-to-hide-realising-the-potential-of-beneficial-ownership-reform/,
https://www.openownership.org/blogs/opening-extractives-research-informs-programme-to-make-beneficial-ownership-transparency-a-reality-in-oil-gas-and-mining/,
https://www.openownership.org/blogs/opening-up-data-how-open-ownership-works-with-open-data-services-to-build-the-beneficial-ownership-data-standard/,
https://www.openownership.org/blogs/pandora-papers-lessons-for-beneficial-ownership-transparency/,
https://www.openownership.org/blogs/podcast-the-way-that-business-is-run/,
https://www.openownership.org/blogs/promoting-media-ownership-transparency/,
https://www.openownership.org/blogs/reconciling-beneficial-ownership-data/,
https://www.openownership.org/blogs/second-tech-showcase/,
https://www.openownership.org/blogs/should-countries-charge-for-beneficial-ownership-data-access/,
https://www.openownership.org/blogs/state-owned-enterprises-a-new-frontier/,
https://www.openownership.org/blogs/state-owned-enterprises-and-beneficial-ownership-disclosures/,
https://www.openownership.org/blogs/strengthening-new-norms-in-beneficial-ownership-transparency-in-asia-and-the-pacific-region/,
https://www.openownership.org/blogs/tax-transparency-corruption-and-beneficial-ownership-global-tax-policy-center-conference-report/,
https://www.openownership.org/blogs/tech-showcase-number-3-open-sanctions-vxsoft-whythawk-and-antac/,
https://www.openownership.org/blogs/the-financial-secrecy-index-results-progress-on-beneficial-ownership-transparency/,
https://www.openownership.org/blogs/the-new-uncac-resolution-on-beneficial-ownership-a-real-step-forward/,
https://www.openownership.org/blogs/tps-prototyping/,
https://www.openownership.org/blogs/upscaling-the-use-of-beneficial-ownership-data-in-armenia/,
https://www.openownership.org/blogs/video-building-back-better-beneficial-ownership-transparency-during-a-crisis/,
https://www.openownership.org/blogs/what-if-everyone-knew-who-owned-and-controlled-companies/,
https://www.openownership.org/blogs/what-the-pandora-papers-tell-us-about-the-extractive-industries/,
https://www.openownership.org/blogs/where-power-lies-open-ownerships-new-podcast/,
https://www.openownership.org/blogs/why-beneficial-ownership-transparency-is-crucial-in-latin-america/,
https://www.openownership.org/espanol/,
https://www.openownership.org/event/corruption-and-coronavirus-transparencys-role-in-ensuring-an-effective-response-and-recovery/,
https://www.openownership.org/events/a-network-effect-growing-company-commitment-to-beneficial-ownership-transparency/,
https://www.openownership.org/events/Beneficial-ownership-transparency-and-why-it-matters-for-extractive-companies/,
https://www.openownership.org/events/open-ownership-at-the-international-anti-corruption-conference/,
https://www.openownership.org/events/open-ownership-tech-showcase-webinar-number-2/,
https://www.openownership.org/events/opening-extractives-global-beneficial-ownership-transparency-implementers-forum/,
https://www.openownership.org/events/openownership-tech-showcase-webinar/,
https://www.openownership.org/events/the-open-ownership-principles-consultation/,
https://www.openownership.org/events/video-covid-19-and-corruption-tracking-the-trillions/,
https://www.openownership.org/events/webinar-high-level-discussion-on-beneficial-ownership-transparency-in-africa/,
https://www.openownership.org/extractives/,
https://www.openownership.org/funders/,
https://www.openownership.org/guide/,
https://www.openownership.org/guide/commit/,
https://www.openownership.org/guide/data/,
https://www.openownership.org/guide/legal/,
https://www.openownership.org/guide/publish/,
https://www.openownership.org/guide/systems/,
https://www.openownership.org/helpdesk/,
https://www.openownership.org/indonesia-bods-mapping/,
https://www.openownership.org/jobs/,
https://www.openownership.org/jobs/advocacy-associate-job-opportunity/,
https://www.openownership.org/jobs/communications-associate-job-opportunity/,
https://www.openownership.org/jobs/finance-and-administration-associate-job-opportunity/,
https://www.openownership.org/jobs/legal-consultancy-south-africa-short-term-contract-opportunity/,
https://www.openownership.org/jobs/new-opportunity-governance-consultant/,
https://www.openownership.org/jobs/notion-developer-consultant/,
https://www.openownership.org/jobs/policy-briefing-on-beneficial-ownership-transparency-reforms-and-gender/,
https://www.openownership.org/jobs/project-coordinator-kenya-short-term-contract/,
https://www.openownership.org/jobs/project-coordinator-south-africa-short-term-contract/,
https://www.openownership.org/jobs/senegal-scoping-assessment-short-term-contract/,
https://www.openownership.org/jobs/short-term-consultant-supporting-the-implementation-of-beneficial-ownership-transparency-in-liberia/,
https://www.openownership.org/latest/blogs/,
https://www.openownership.org/latest/blogs/10/,
https://www.openownership.org/latest/blogs/11/,
https://www.openownership.org/latest/blogs/12/,
https://www.openownership.org/latest/blogs/13/,
https://www.openownership.org/latest/blogs/14/,
https://www.openownership.org/latest/blogs/15/,
https://www.openownership.org/latest/blogs/16/,
https://www.openownership.org/latest/blogs/2/,
https://www.openownership.org/latest/blogs/3/,
https://www.openownership.org/latest/blogs/4/,
https://www.openownership.org/latest/blogs/5/,
https://www.openownership.org/latest/blogs/6/,
https://www.openownership.org/latest/blogs/7/,
https://www.openownership.org/latest/blogs/8/,
https://www.openownership.org/latest/blogs/9/,
https://www.openownership.org/latest/events/,
https://www.openownership.org/latest/events/2/,
https://www.openownership.org/latest/news/,
https://www.openownership.org/latest/news/2/,
https://www.openownership.org/latest/news/3/,
https://www.openownership.org/latest/news/4/,
https://www.openownership.org/latest/news/5/,
https://www.openownership.org/latest/news/6/,
https://www.openownership.org/latest/news/7/,
https://www.openownership.org/latest/news/8/,
https://www.openownership.org/latest/press/,
https://www.openownership.org/latest/press/2/,
https://www.openownership.org/map/,
https://www.openownership.org/news/2019-in-review-the-events-shaping-the-beneficial-ownership-transparency-landscape/,
https://www.openownership.org/news/2020-transparency-internationals-corruption-perception-index-what-it-says-about-corruption-and-beneficial-ownership-transparency/,
https://www.openownership.org/news/a-statement-from-business-leaders-moving-past-the-panama-papers/,
https://www.openownership.org/news/accelerating-beneficial-ownership-in-africa/,
https://www.openownership.org/news/accelerating-implementation-scaling-our-country-support/,
https://www.openownership.org/news/after-the-panama-papers-europe-cant-go-back-to-business-as-usual/,
https://www.openownership.org/news/armenia-signs-mou-with-openownership/,
https://www.openownership.org/news/beneficial-ownership-transparency-at-the-heart-of-armenias-anti-corruption-agenda/,
https://www.openownership.org/news/beneficial-ownership-transparency-in-ukraine-whats-next/,
https://www.openownership.org/news/building-capacity-to-use-ghanas-extractive-companies-ownership-data/,
https://www.openownership.org/news/calling-all-business-help-us-test-the-worlds-first-register-of-global-beneficial-ownership/,
https://www.openownership.org/news/can-beneficial-ownership-transparency-really-be-compatible-with-data-protection/,
https://www.openownership.org/news/collective-action-on-extractive-sector-corruption-can-turn-the-tide/,
https://www.openownership.org/news/coming-soon-a-beneficial-ownership-data-standard/,
https://www.openownership.org/news/countries-take-action-anti-corruption-day-2019/,
https://www.openownership.org/news/data-on-company-ownership-supports-national-security/,
https://www.openownership.org/news/el-estandar-de-datos-sobre-beneficiarios-finales-ahora-esta-en-espanol/,
https://www.openownership.org/news/faqs-openownership/,
https://www.openownership.org/news/five-areas-where-beneficial-ownership-transparency-is-key-in-addressing-coronavirus/,
https://www.openownership.org/news/from-the-why-to-the-how-working-with-eiti/,
https://www.openownership.org/news/ghana-and-liberia-take-steps-to-disclose-owners-of-extractive-companies/,
https://www.openownership.org/news/ghana-announces-partnership-with-openownership/,
https://www.openownership.org/news/going-beyond-the-register-our-mission-statement/,
https://www.openownership.org/news/graph-visualisation-is-providing-insights-for-policy-makers-and-implementers/,
https://www.openownership.org/news/guest-post-evaluating-the-personal-privacy-objections-to-public-beneficial-ownership-registries/,
https://www.openownership.org/news/how-serious-is-germany-about-corporate-transparency/,
https://www.openownership.org/news/identity-and-identifiers-what-weve-learned/,
https://www.openownership.org/news/imf-anti-corruption-challenge-exploring-how-technology-can-inform-better-decision-making/,
https://www.openownership.org/news/in-case-you-missed-it/,
https://www.openownership.org/news/in-uncertain-times-transparency-is-a-must-for-investors/,
https://www.openownership.org/news/join-openownership/,
https://www.openownership.org/news/key-oo-publications-available-in-french/,
https://www.openownership.org/news/kyrgyzstan-joins-openownerships-pilot-program/,
https://www.openownership.org/news/launch-of-the-openownership-principles/,
https://www.openownership.org/news/launching-our-visualisation-library-for-beneficial-ownership-data-standard-data/,
https://www.openownership.org/news/luanda-leaks-shows-the-critical-importance-of-ownership-transparency-for-good-governance-in-oil-gas-and-mining/,
https://www.openownership.org/news/moving-from-policy-to-practice-reflections-from-tblisi/,
https://www.openownership.org/news/new-at-the-ogp-summit-openownership-and-uk-government-launch-a-major-collective-action-platform-and-we-scale-up-our-help-for-implementers/,
https://www.openownership.org/news/new-executive-director/,
https://www.openownership.org/news/new-on-the-openownership-register-data-from-the-danish-business-register-has-been-added/,
https://www.openownership.org/news/new-programme-opening-extractives-launch/,
https://www.openownership.org/news/new-support-for-uk-overseas-territories-to-publish-beneficial-ownership-data/,
https://www.openownership.org/news/nigeria-accelerates-efforts-in-beneficial-ownership-transparency/,
https://www.openownership.org/news/not-just-public-but-useful-the-right-way-to-set-up-a-beneficial-ownership-register/,
https://www.openownership.org/news/open-call-governance-consultant/,
https://www.openownership.org/news/opening-extractives-registering-the-beneficial-owners-of-oil-gas-and-mining-companies/,
https://www.openownership.org/news/openownership-in-kiev/,
https://www.openownership.org/news/openownership-is-recruiting/,
https://www.openownership.org/news/openownership-refreshes-its-visual-identity/,
https://www.openownership.org/news/our-direction-of-travel/,
https://www.openownership.org/news/our-initial-assessment-of-myanmars-new-beneficial-ownership-register/,
https://www.openownership.org/news/our-quick-assessment-of-nigerias-first-public-register-a-strong-start-but-more-to-be-done/,
https://www.openownership.org/news/plans-for-the-global-open-ownership-register-in-2021/,
https://www.openownership.org/news/request-for-proposals-graphic-design-and-videographic-services/,
https://www.openownership.org/news/six-of-the-largest-extractive-companies-commit-to-a-common-set-of-policies-and-practices-on-beneficial-ownership-transparency/,
https://www.openownership.org/news/structured-bulk-data-now-available-from-the-openownership-register/,
https://www.openownership.org/news/technical-cooperation-to-progress-beneficial-ownership-transparency-in-zambia/,
https://www.openownership.org/news/tender-opportunity-technical-research-on-the-collection-processing-and-use-of-beneficial-ownership-data-in-the-private-sector/,
https://www.openownership.org/news/the-beneficial-ownership-data-standard-is-now-in-beta/,
https://www.openownership.org/news/the-first-steps/,
https://www.openownership.org/news/the-oo-principles-set-the-standard-for-BOT/,
https://www.openownership.org/news/the-openownership-pilot-program-why-do-we-do-it-and-whats-involved/,
https://www.openownership.org/news/the-philippines-commits-to-beneficial-ownership-transparency/,
https://www.openownership.org/news/the-uks-performance-against-the-open-ownership-principles/,
https://www.openownership.org/news/three-takeaways-from-kyrgyz-republic-on-implementing-beneficial-ownership-transparency/,
https://www.openownership.org/news/ukraine-becomes-the-first-country-to-integrate-with-openownership/,
https://www.openownership.org/news/ukrainemou/,
https://www.openownership.org/news/ukrainian-beneficial-ownership-data-now-available/,
https://www.openownership.org/news/usa-adopts-a-central-beneficial-ownership-register/,
https://www.openownership.org/news/were-hiring-could-you-be-our-executive-director/,
https://www.openownership.org/news/were-hiring/,
https://www.openownership.org/news/what-graph-visualisation-teaches-us-about-beneficial-ownership/,
https://www.openownership.org/news/what-i-learned-from-you-at-iacc-and-ogp/,
https://www.openownership.org/news/what-we-learned-at-the-ogp-summit-2019/,
https://www.openownership.org/news/what-we-really-mean-when-we-talk-about-verification-authentication-and-authorization-part-2-of-4/,
https://www.openownership.org/news/what-we-really-mean-when-we-talk-about-verification-part-1-of-4/,
https://www.openownership.org/news/what-we-really-mean-when-we-talk-about-verification-truth-verification-part-4-of-4/,
https://www.openownership.org/news/what-we-really-mean-when-we-talk-about-verification-validation-part-3-of-4/,
https://www.openownership.org/news/what-were-reading/,
https://www.openownership.org/news/what-were-watching/,
https://www.openownership.org/news/whats-in-a-name/,
https://www.openownership.org/news/who-owns-our-companies-why-privacy-isnt-always-in-the-public-interest/,
https://www.openownership.org/news/why-business-leadership-on-beneficial-ownership-transparency-is-critical-in-2017/,
https://www.openownership.org/news/zambia-commits-to-beneficial-ownership-transparency/,
https://www.openownership.org/open-ownership-response-to-fatf-consultation-on-revisions-to-recommendation-24/,
https://www.openownership.org/press/fincen-files-reveal-beneficial-ownership-weakness-at-heart-of-financial-system/,
https://www.openownership.org/principles/,
https://www.openownership.org/principles/central-register/,
https://www.openownership.org/principles/comprehensive-coverage/,
https://www.openownership.org/principles/public-access/,
https://www.openownership.org/principles/robust-definitions/,
https://www.openownership.org/principles/sanctions-and-enforcement/,
https://www.openownership.org/principles/structured-data/,
https://www.openownership.org/principles/sufficient-detail/,
https://www.openownership.org/principles/up-to-date-auditable/,
https://www.openownership.org/principles/verification/,
https://www.openownership.org/privacy/,
https://www.openownership.org/resources/,
https://www.openownership.org/resources/an-introduction-to-trusts/,
https://www.openownership.org/resources/beneficial-ownership-data-in-procurement/,
https://www.openownership.org/resources/beneficial-ownership-data-standard-template/,
https://www.openownership.org/resources/beneficial-ownership-declaration-forms-guide-for-regulators-and-designers/,
https://www.openownership.org/resources/beneficial-ownership-disclosure-workbook/,
https://www.openownership.org/resources/beneficial-ownership-in-law-definitions-and-thresholds/,
https://www.openownership.org/resources/beneficial-ownership-transparency-and-listed-companies/,
https://www.openownership.org/resources/beneficial-ownership-transparency-in-armenia-scoping-study/,
https://www.openownership.org/resources/beneficial-ownership-transparency-of-trusts/,
https://www.openownership.org/resources/catalysing-transformative-change-in-beneficial-ownership-transparency/,
https://www.openownership.org/resources/data-protection-and-privacy-in-beneficial-ownership-disclosure/,
https://www.openownership.org/resources/early-impacts-of-public-beneficial-ownership-registers-ukraine/,
https://www.openownership.org/resources/early-impacts-of-public-registers-of-beneficial-ownership-slovakia/,
https://www.openownership.org/resources/early-impacts-of-public-registers-of-beneficial-ownership-united-kingdom/,
https://www.openownership.org/resources/effective-consultation-processes-for-beneficial-ownership-transparency-reform/,
https://www.openownership.org/resources/example-beneficial-ownership-declaration-form/,
https://www.openownership.org/resources/example-paper-forms-for-collecting-beneficial-ownership-data/,
https://www.openownership.org/resources/gcffc-beneficial-ownership-transparency-position-paper/,
https://www.openownership.org/resources/implementation-guide/,
https://www.openownership.org/resources/implementing-beneficial-ownership-transparency-in-the-kyrgyz-republic-extractives-sector/,
https://www.openownership.org/resources/improving-beneficial-ownership-transparency-in-ukraine/,
https://www.openownership.org/resources/integrity-in-imf-covid-19-financing/,
https://www.openownership.org/resources/learning-the-lessons-from-the-uks-public-beneficial-ownership-register/,
https://www.openownership.org/resources/making-central-beneficial-ownership-registers-public/,
https://www.openownership.org/resources/nowhere-to-hide-realising-the-potential-of-beneficial-ownership-reform/,
https://www.openownership.org/resources/oo-response-to-beis-consultation/,
https://www.openownership.org/resources/oo-response-to-british-columbia-consultation/,
https://www.openownership.org/resources/oo-response-to-canada-consultation/,
https://www.openownership.org/resources/open-ownership-response-to-fatf-consultation-on-revisions-to-recommendation-24-and-the-interpretive-note/,
https://www.openownership.org/resources/open-ownership-response-to-fatf-consultation-on-revisions-to-recommendation-24/,
https://www.openownership.org/resources/open-ownership-response-to-kenyas-business-registration-service-consultation-on-beneficial-ownership-regulation-amendments/,
https://www.openownership.org/resources/privacy-or-public-interest-making-the-case-for-public-information-on-company-ownership/,
https://www.openownership.org/resources/relational-database-design-considerations-for-beneficial-ownership-information/,
https://www.openownership.org/resources/technical-assistance-with-implementation/,
https://www.openownership.org/resources/the-open-ownership-principles/,
https://www.openownership.org/resources/transforming-procurement-systems-in-indonesia/,
https://www.openownership.org/resources/transforming-procurement-systems-in-nigeria/,
https://www.openownership.org/resources/transforming-procurement-systems-in-south-africa/,
https://www.openownership.org/resources/using-beneficial-ownership-data-for-national-security/,
https://www.openownership.org/resources/verification-of-beneficial-ownership-data/,
https://www.openownership.org/tag/a-central-register/,
https://www.openownership.org/tag/africa/,
https://www.openownership.org/tag/anti-corruption/,
https://www.openownership.org/tag/armenia/,
https://www.openownership.org/tag/asia-pacific/,
https://www.openownership.org/tag/asia/,
https://www.openownership.org/tag/audit/,
https://www.openownership.org/tag/beneficial-ownership/,
https://www.openownership.org/tag/beneficial-ownership/2/,
https://www.openownership.org/tag/bods/,
https://www.openownership.org/tag/bot/,
https://www.openownership.org/tag/bovs/,
https://www.openownership.org/tag/brand/,
https://www.openownership.org/tag/canada/,
https://www.openownership.org/tag/central-register/,
https://www.openownership.org/tag/climate/,
https://www.openownership.org/tag/colombia/,
https://www.openownership.org/tag/commitments/,
https://www.openownership.org/tag/comprehensive-coverage/,
https://www.openownership.org/tag/cop26/,
https://www.openownership.org/tag/coronavirus/,
https://www.openownership.org/tag/covid-19/,
https://www.openownership.org/tag/data/,
https://www.openownership.org/tag/due-diligence/,
https://www.openownership.org/tag/eiti/,
https://www.openownership.org/tag/eiti/2/,
https://www.openownership.org/tag/extractives/,
https://www.openownership.org/tag/fatf/,
https://www.openownership.org/tag/fincenfiles/,
https://www.openownership.org/tag/forms/,
https://www.openownership.org/tag/gas/,
https://www.openownership.org/tag/ghana/,
https://www.openownership.org/tag/imf/,
https://www.openownership.org/tag/indonesia/,
https://www.openownership.org/tag/kenya/,
https://www.openownership.org/tag/kyrgyz-republic/,
https://www.openownership.org/tag/latvia/,
https://www.openownership.org/tag/leaks/,
https://www.openownership.org/tag/logo/,
https://www.openownership.org/tag/mexico/,
https://www.openownership.org/tag/mining/,
https://www.openownership.org/tag/nigeria/,
https://www.openownership.org/tag/oil/,
https://www.openownership.org/tag/open-government-partnership/,
https://www.openownership.org/tag/opening-extractives/,
https://www.openownership.org/tag/opening-extractives/2/,
https://www.openownership.org/tag/opening-extractives/3/,
https://www.openownership.org/tag/openownership-principles/,
https://www.openownership.org/tag/openownership-register/,
https://www.openownership.org/tag/openownership-register/2/,
https://www.openownership.org/tag/pandora-papers/,
https://www.openownership.org/tag/partnering-with-us/,
https://www.openownership.org/tag/partnering-with-us/2/,
https://www.openownership.org/tag/philippines/,
https://www.openownership.org/tag/podcast/,
https://www.openownership.org/tag/privacy/,
https://www.openownership.org/tag/private-sector-engagement/,
https://www.openownership.org/tag/private-sector-engagement/2/,
https://www.openownership.org/tag/private-sector/,
https://www.openownership.org/tag/procurement/,
https://www.openownership.org/tag/public-access/,
https://www.openownership.org/tag/public-good/,
https://www.openownership.org/tag/reform/,
https://www.openownership.org/tag/register/,
https://www.openownership.org/tag/research/,
https://www.openownership.org/tag/robust-definitions/,
https://www.openownership.org/tag/sanctions-and-enforcement/,
https://www.openownership.org/tag/slovakia/,
https://www.openownership.org/tag/soe/,
https://www.openownership.org/tag/south-africa/,
https://www.openownership.org/tag/state-owned-enterprises/,
https://www.openownership.org/tag/statement/,
https://www.openownership.org/tag/structured-data/,
https://www.openownership.org/tag/sufficient-detail/,
https://www.openownership.org/tag/summit-for-democracy/,
https://www.openownership.org/tag/supplychains/,
https://www.openownership.org/tag/tech-showcase/,
https://www.openownership.org/tag/the-beneficial-ownership-data-standard/,
https://www.openownership.org/tag/the-beneficial-ownership-data-standard/2/,
https://www.openownership.org/tag/the-beneficial-ownership-data-standard/3/,
https://www.openownership.org/tag/the-beneficial-ownership-data-standard/4/,
https://www.openownership.org/tag/the-beneficial-ownership-leadership-group/,
https://www.openownership.org/tag/the-beneficial-ownership-leadership-group/2/,
https://www.openownership.org/tag/the-openownership-pilot-program/,
https://www.openownership.org/tag/the-openownership-pilot-program/2/,
https://www.openownership.org/tag/trusts/,
https://www.openownership.org/tag/uk/,
https://www.openownership.org/tag/ukraine/,
https://www.openownership.org/tag/ukraine/2/,
https://www.openownership.org/tag/united-kingdom/,
https://www.openownership.org/tag/up-to-date-and-auditable/,
https://www.openownership.org/tag/usa/,
https://www.openownership.org/tag/verification/,
https://www.openownership.org/tag/video/,
https://www.openownership.org/tag/vision/,
https://www.openownership.org/tag/visualisation/,
https://www.openownership.org/tag/where-power-lies/,
https://www.openownership.org/tag/working-with-beneficial-ownership-data-series/,
https://www.openownership.org/tag/zambia/,
https://www.openownership.org/team/,
https://www.openownership.org/team/agustina-de-luca/,
https://www.openownership.org/team/alanna-markle/,
https://www.openownership.org/team/claire-reichenbach/,
https://www.openownership.org/team/favour-ime/,
https://www.openownership.org/team/hani-rosidaini/,
https://www.openownership.org/team/jack-lord/,
https://www.openownership.org/team/kadie-armstrong/,
https://www.openownership.org/team/karabo-rajuili/,
https://www.openownership.org/team/kathryn-davies/,
https://www.openownership.org/team/louise-russell-prywata/,
https://www.openownership.org/team/peter-low/,
https://www.openownership.org/team/simon-whitehouse/,
https://www.openownership.org/team/stephen-abbott-pugh/,
https://www.openownership.org/team/thom-townsend/,
https://www.openownership.org/team/tymon-kiepe/,
https://www.openownership.org/terms/,
https://www.openownership.org/using-applied-as-a-recruitment-platform/,
https://www.openownership.org/visualisation/,
https://www.openownership.org/visualisation/changelog/,
https://www.openownership.org/visualisation/core/,
https://www.openownership.org/visualisation/core/chirality/,
https://www.openownership.org/visualisation/core/definitions/,
https://www.openownership.org/visualisation/core/directionality/,
https://www.openownership.org/visualisation/core/focus-depth/,
https://www.openownership.org/visualisation/core/parties-nodes/,
https://www.openownership.org/visualisation/core/relationships-arrows/,
https://www.openownership.org/visualisation/core/relevance/,
https://www.openownership.org/visualisation/core/stacks/,
https://www.openownership.org/visualisation/core/summarisation/,
https://www.openownership.org/visualisation/core/unknowns/,
https://www.openownership.org/visualisation/core/vocabulary/,
https://www.openownership.org/visualisation/optional/,
https://www.openownership.org/visualisation/optional/annotation/,
https://www.openownership.org/visualisation/optional/charts/,
https://www.openownership.org/visualisation/optional/colour/,
https://www.openownership.org/visualisation/optional/metadata/,
https://www.openownership.org/visualisation/optional/weight/,
https://www.openownership.org/visualisation/principles/,
https://www.openownership.org/visualisation/resources/,
https://www.openownership.org/visualisation/visualisation-tool/,
https://www.openownership.org/what-is-bot/,
https://www.openownership.org/what-we-do/,
https://www.openownership.org/what-we-do/partnering-with-us/,
https://www.openownership.org/what-we-do/the-beneficial-ownership-leadership-group/,